ID,ACTIVE_FLAG,CREATED_BY,CREATED_DATE,SENSOR_DESC,SENSOR_ID,SENSOR_NAME,UPDATED_BY,UPDATED_DATE,LAYOUT_ID
1,TRUE,admin,2015-03-03 00:00:00.0,AA1,1,AA1,admin,2015-03-03 00:00:00.0,1
2,TRUE,admin,2015-03-03 00:00:00.0,AA2,2,AA2,admin,2015-03-03 00:00:00.0,1
3,TRUE,admin,2015-03-03 00:00:00.0,AA3,3,AA3,admin,2015-03-03 00:00:00.0,1
4,TRUE,admin,2015-03-03 00:00:00.0,AA4,4,AA4,admin,2015-03-03 00:00:00.0,1
5,TRUE,admin,2015-03-03 00:00:00.0,AA5,5,AA5,admin,2015-03-03 00:00:00.0,1
6,TRUE,admin,2015-03-03 00:00:00.0,AA6,6,AA6,admin,2015-03-03 00:00:00.0,1
7,TRUE,admin,2015-03-03 00:00:00.0,AA7,7,AA7,admin,2015-03-03 00:00:00.0,1
8,TRUE,admin,2015-03-03 00:00:00.0,AA8,8,AA8,admin,2015-03-03 00:00:00.0,1
9,TRUE,admin,2015-03-03 00:00:00.0,AA9,9,AA9,admin,2015-03-03 00:00:00.0,1
10,TRUE,admin,2015-03-03 00:00:00.0,AA10,10,AA10,admin,2015-03-03 00:00:00.0,1
11,TRUE,admin,2015-03-03 00:00:00.0,AA11,11,AA11,admin,2015-03-03 00:00:00.0,1
12,TRUE,admin,2015-03-03 00:00:00.0,AA12,12,AA12,admin,2015-03-03 00:00:00.0,1
13,TRUE,admin,2015-03-03 00:00:00.0,AA13,13,AA13,admin,2015-03-03 00:00:00.0,1
14,TRUE,admin,2015-03-03 00:00:00.0,AA14,14,AA14,admin,2015-03-03 00:00:00.0,1
15,TRUE,admin,2015-03-03 00:00:00.0,AA15,15,AA15,admin,2015-03-03 00:00:00.0,1
16,TRUE,admin,2015-03-03 00:00:00.0,AA16,16,AA16,admin,2015-03-03 00:00:00.0,1
17,TRUE,admin,2015-03-03 00:00:00.0,AA17,17,AA17,admin,2015-03-03 00:00:00.0,1
18,TRUE,admin,2015-03-03 00:00:00.0,AA18,18,AA18,admin,2015-03-03 00:00:00.0,1
19,TRUE,admin,2015-03-03 00:00:00.0,AA19,19,AA19,admin,2015-03-03 00:00:00.0,1
20,TRUE,admin,2015-03-03 00:00:00.0,AA20,20,AA20,admin,2015-03-03 00:00:00.0,1
21,TRUE,admin,2015-03-03 00:00:00.0,AA21,21,AA21,admin,2015-03-03 00:00:00.0,1
22,TRUE,admin,2015-03-03 00:00:00.0,AA22,22,AA22,admin,2015-03-03 00:00:00.0,1
23,TRUE,admin,2015-03-03 00:00:00.0,AA23,23,AA23,admin,2015-03-03 00:00:00.0,1
24,TRUE,admin,2015-03-03 00:00:00.0,AA24,24,AA24,admin,2015-03-03 00:00:00.0,1
25,TRUE,admin,2015-03-03 00:00:00.0,AA25,25,AA25,admin,2015-03-03 00:00:00.0,1
26,TRUE,admin,2015-03-03 00:00:00.0,AA26,26,AA26,admin,2015-03-03 00:00:00.0,1
27,TRUE,admin,2015-03-03 00:00:00.0,AA27,27,AA27,admin,2015-03-03 00:00:00.0,1
28,TRUE,admin,2015-03-03 00:00:00.0,AA28,28,AA28,admin,2015-03-03 00:00:00.0,1
29,TRUE,admin,2015-03-03 00:00:00.0,AA29,29,AA29,admin,2015-03-03 00:00:00.0,1
30,TRUE,admin,2015-03-03 00:00:00.0,AA30,30,AA30,admin,2015-03-03 00:00:00.0,1
31,TRUE,admin,2015-03-03 00:00:00.0,AA31,31,AA31,admin,2015-03-03 00:00:00.0,1
32,TRUE,admin,2015-03-03 00:00:00.0,AA32,32,AA32,admin,2015-03-03 00:00:00.0,1
33,TRUE,admin,2015-03-03 00:00:00.0,AA33,33,AA33,admin,2015-03-03 00:00:00.0,1
34,TRUE,admin,2015-03-03 00:00:00.0,AA34,34,AA34,admin,2015-03-03 00:00:00.0,1
35,TRUE,admin,2015-03-03 00:00:00.0,AA35,35,AA35,admin,2015-03-03 00:00:00.0,1
36,TRUE,admin,2015-03-03 00:00:00.0,AA36,36,AA36,admin,2015-03-03 00:00:00.0,1
37,TRUE,admin,2015-03-03 00:00:00.0,AA37,37,AA37,admin,2015-03-03 00:00:00.0,1
38,TRUE,admin,2015-03-03 00:00:00.0,AA38,38,AA38,admin,2015-03-03 00:00:00.0,1
39,TRUE,admin,2015-03-03 00:00:00.0,AA39,39,AA39,admin,2015-03-03 00:00:00.0,1
40,TRUE,admin,2015-03-03 00:00:00.0,AA40,40,AA40,admin,2015-03-03 00:00:00.0,1
41,TRUE,admin,2015-03-03 00:00:00.0,AA41,41,AA41,admin,2015-03-03 00:00:00.0,1
42,TRUE,admin,2015-03-03 00:00:00.0,AA42,42,AA42,admin,2015-03-03 00:00:00.0,1
43,TRUE,admin,2015-03-03 00:00:00.0,AA43,43,AA43,admin,2015-03-03 00:00:00.0,1
44,TRUE,admin,2015-03-03 00:00:00.0,AA44,44,AA44,admin,2015-03-03 00:00:00.0,1
45,TRUE,admin,2015-03-03 00:00:00.0,AA45,45,AA45,admin,2015-03-03 00:00:00.0,1
46,TRUE,admin,2015-03-03 00:00:00.0,AA46,46,AA46,admin,2015-03-03 00:00:00.0,1
47,TRUE,admin,2015-03-03 00:00:00.0,AA47,47,AA47,admin,2015-03-03 00:00:00.0,1
48,TRUE,admin,2015-03-03 00:00:00.0,AA48,48,AA48,admin,2015-03-03 00:00:00.0,1
49,TRUE,admin,2015-03-03 00:00:00.0,AA49,49,AA49,admin,2015-03-03 00:00:00.0,1
50,TRUE,admin,2015-03-03 00:00:00.0,AA50,50,AA50,admin,2015-03-03 00:00:00.0,1
51,TRUE,admin,2015-03-03 00:00:00.0,AA51,51,AA51,admin,2015-03-03 00:00:00.0,1
52,TRUE,admin,2015-03-03 00:00:00.0,AA52,52,AA52,admin,2015-03-03 00:00:00.0,1
53,TRUE,admin,2015-03-03 00:00:00.0,AA53,53,AA53,admin,2015-03-03 00:00:00.0,1
54,TRUE,admin,2015-03-03 00:00:00.0,AA54,54,AA54,admin,2015-03-03 00:00:00.0,1
55,TRUE,admin,2015-03-03 00:00:00.0,AA55,55,AA55,admin,2015-03-03 00:00:00.0,1
56,TRUE,admin,2015-03-03 00:00:00.0,AA56,56,AA56,admin,2015-03-03 00:00:00.0,1
57,TRUE,admin,2015-03-03 00:00:00.0,AA57,57,AA57,admin,2015-03-03 00:00:00.0,1
58,TRUE,admin,2015-03-03 00:00:00.0,AA58,58,AA58,admin,2015-03-03 00:00:00.0,1
59,TRUE,admin,2015-03-03 00:00:00.0,AA59,59,AA59,admin,2015-03-03 00:00:00.0,1
60,TRUE,admin,2015-03-03 00:00:00.0,AA60,60,AA60,admin,2015-03-03 00:00:00.0,1
61,TRUE,admin,2015-03-03 00:00:00.0,AA61,61,AA61,admin,2015-03-03 00:00:00.0,1
62,TRUE,admin,2015-03-03 00:00:00.0,AA62,62,AA62,admin,2015-03-03 00:00:00.0,1
63,TRUE,admin,2015-03-03 00:00:00.0,AA63,63,AA63,admin,2015-03-03 00:00:00.0,1
64,TRUE,admin,2015-03-03 00:00:00.0,AA64,64,AA64,admin,2015-03-03 00:00:00.0,1
65,TRUE,admin,2015-03-03 00:00:00.0,AA65,65,AA65,admin,2015-03-03 00:00:00.0,1
66,TRUE,admin,2015-03-03 00:00:00.0,AA66,66,AA66,admin,2015-03-03 00:00:00.0,1
67,TRUE,admin,2015-03-03 00:00:00.0,AA67,67,AA67,admin,2015-03-03 00:00:00.0,1
68,TRUE,admin,2015-03-03 00:00:00.0,AA68,68,AA68,admin,2015-03-03 00:00:00.0,1
69,TRUE,admin,2015-03-03 00:00:00.0,AA69,69,AA69,admin,2015-03-03 00:00:00.0,1
70,TRUE,admin,2015-03-03 00:00:00.0,AA70,70,AA70,admin,2015-03-03 00:00:00.0,1
71,TRUE,admin,2015-03-03 00:00:00.0,AA71,71,AA71,admin,2015-03-03 00:00:00.0,1
72,TRUE,admin,2015-03-03 00:00:00.0,AA72,72,AA72,admin,2015-03-03 00:00:00.0,1
73,TRUE,admin,2015-03-03 00:00:00.0,AA73,73,AA73,admin,2015-03-03 00:00:00.0,1
74,TRUE,admin,2015-03-03 00:00:00.0,AA74,74,AA74,admin,2015-03-03 00:00:00.0,1
75,TRUE,admin,2015-03-03 00:00:00.0,AA75,75,AA75,admin,2015-03-03 00:00:00.0,1
76,TRUE,admin,2015-03-03 00:00:00.0,AA76,76,AA76,admin,2015-03-03 00:00:00.0,1
77,TRUE,admin,2015-03-03 00:00:00.0,AA77,77,AA77,admin,2015-03-03 00:00:00.0,1
78,TRUE,admin,2015-03-03 00:00:00.0,AA78,78,AA78,admin,2015-03-03 00:00:00.0,1
79,TRUE,admin,2015-03-03 00:00:00.0,AA79,79,AA79,admin,2015-03-03 00:00:00.0,1
80,TRUE,admin,2015-03-03 00:00:00.0,AA80,80,AA80,admin,2015-03-03 00:00:00.0,1
81,TRUE,admin,2015-03-03 00:00:00.0,AA81,81,AA81,admin,2015-03-03 00:00:00.0,1
82,TRUE,admin,2015-03-03 00:00:00.0,AA82,82,AA82,admin,2015-03-03 00:00:00.0,1
83,TRUE,admin,2015-03-03 00:00:00.0,AA83,83,AA83,admin,2015-03-03 00:00:00.0,1
84,TRUE,admin,2015-03-03 00:00:00.0,AA84,84,AA84,admin,2015-03-03 00:00:00.0,1
85,TRUE,admin,2015-03-03 00:00:00.0,AA85,85,AA85,admin,2015-03-03 00:00:00.0,1
86,TRUE,admin,2015-03-03 00:00:00.0,AA86,86,AA86,admin,2015-03-03 00:00:00.0,1
87,TRUE,admin,2015-03-03 00:00:00.0,AA87,87,AA87,admin,2015-03-03 00:00:00.0,1
88,TRUE,admin,2015-03-03 00:00:00.0,AA88,88,AA88,admin,2015-03-03 00:00:00.0,1
89,TRUE,admin,2015-03-03 00:00:00.0,AA89,89,AA89,admin,2015-03-03 00:00:00.0,1
90,TRUE,admin,2015-03-03 00:00:00.0,AA90,90,AA90,admin,2015-03-03 00:00:00.0,1
91,TRUE,admin,2015-03-03 00:00:00.0,AA91,91,AA91,admin,2015-03-03 00:00:00.0,1
92,TRUE,admin,2015-03-03 00:00:00.0,AA92,92,AA92,admin,2015-03-03 00:00:00.0,1
93,TRUE,admin,2015-03-03 00:00:00.0,AA93,93,AA93,admin,2015-03-03 00:00:00.0,1
94,TRUE,admin,2015-03-03 00:00:00.0,AA94,94,AA94,admin,2015-03-03 00:00:00.0,1
95,TRUE,admin,2015-03-03 00:00:00.0,AA95,95,AA95,admin,2015-03-03 00:00:00.0,1
96,TRUE,admin,2015-03-03 00:00:00.0,AA96,96,AA96,admin,2015-03-03 00:00:00.0,1
97,TRUE,admin,2015-03-03 00:00:00.0,AA97,97,AA97,admin,2015-03-03 00:00:00.0,1
98,TRUE,admin,2015-03-03 00:00:00.0,AA98,98,AA98,admin,2015-03-03 00:00:00.0,1
99,TRUE,admin,2015-03-03 00:00:00.0,AA99,99,AA99,admin,2015-03-03 00:00:00.0,1
100,TRUE,admin,2015-03-03 00:00:00.0,AA100,100,AA100,admin,2015-03-03 00:00:00.0,1
101,TRUE,admin,2015-03-03 00:00:00.0,AA101,101,AA101,admin,2015-03-03 00:00:00.0,1
102,TRUE,admin,2015-03-03 00:00:00.0,AA102,102,AA102,admin,2015-03-03 00:00:00.0,1
103,TRUE,admin,2015-03-03 00:00:00.0,AA103,103,AA103,admin,2015-03-03 00:00:00.0,1
104,TRUE,admin,2015-03-03 00:00:00.0,AA104,104,AA104,admin,2015-03-03 00:00:00.0,1
105,TRUE,admin,2015-03-03 00:00:00.0,AA105,105,AA105,admin,2015-03-03 00:00:00.0,1
106,TRUE,admin,2015-03-03 00:00:00.0,AA106,106,AA106,admin,2015-03-03 00:00:00.0,1
107,TRUE,admin,2015-03-03 00:00:00.0,AA107,107,AA107,admin,2015-03-03 00:00:00.0,1
108,TRUE,admin,2015-03-03 00:00:00.0,AA108,108,AA108,admin,2015-03-03 00:00:00.0,1
109,TRUE,admin,2015-03-03 00:00:00.0,AA109,109,AA109,admin,2015-03-03 00:00:00.0,1
110,TRUE,admin,2015-03-03 00:00:00.0,AA110,110,AA110,admin,2015-03-03 00:00:00.0,1
111,TRUE,admin,2015-03-03 00:00:00.0,AA111,111,AA111,admin,2015-03-03 00:00:00.0,1
112,TRUE,admin,2015-03-03 00:00:00.0,AA112,112,AA112,admin,2015-03-03 00:00:00.0,1
113,TRUE,admin,2015-03-03 00:00:00.0,AA113,113,AA113,admin,2015-03-03 00:00:00.0,1
114,TRUE,admin,2015-03-03 00:00:00.0,AA114,114,AA114,admin,2015-03-03 00:00:00.0,1
115,TRUE,admin,2015-03-03 00:00:00.0,AA115,115,AA115,admin,2015-03-03 00:00:00.0,1
116,TRUE,admin,2015-03-03 00:00:00.0,AA116,116,AA116,admin,2015-03-03 00:00:00.0,1
117,TRUE,admin,2015-03-03 00:00:00.0,AA117,117,AA117,admin,2015-03-03 00:00:00.0,1
118,TRUE,admin,2015-03-03 00:00:00.0,AA118,118,AA118,admin,2015-03-03 00:00:00.0,1
119,TRUE,admin,2015-03-03 00:00:00.0,AA119,119,AA119,admin,2015-03-03 00:00:00.0,1
120,TRUE,admin,2015-03-03 00:00:00.0,AA120,120,AA120,admin,2015-03-03 00:00:00.0,1
121,TRUE,admin,2015-03-03 00:00:00.0,AA121,121,AA121,admin,2015-03-03 00:00:00.0,1
122,TRUE,admin,2015-03-03 00:00:00.0,AA122,122,AA122,admin,2015-03-03 00:00:00.0,1
123,TRUE,admin,2015-03-03 00:00:00.0,AA123,123,AA123,admin,2015-03-03 00:00:00.0,1
124,TRUE,admin,2015-03-03 00:00:00.0,AA124,124,AA124,admin,2015-03-03 00:00:00.0,1
125,TRUE,admin,2015-03-03 00:00:00.0,AA125,125,AA125,admin,2015-03-03 00:00:00.0,1
126,TRUE,admin,2015-03-03 00:00:00.0,AA126,126,AA126,admin,2015-03-03 00:00:00.0,1
127,TRUE,admin,2015-03-03 00:00:00.0,AA127,127,AA127,admin,2015-03-03 00:00:00.0,1
128,TRUE,admin,2015-03-03 00:00:00.0,AA128,128,AA128,admin,2015-03-03 00:00:00.0,1
129,TRUE,admin,2015-03-03 00:00:00.0,AA129,129,AA129,admin,2015-03-03 00:00:00.0,1
130,TRUE,admin,2015-03-03 00:00:00.0,AA130,130,AA130,admin,2015-03-03 00:00:00.0,1
131,TRUE,admin,2015-03-03 00:00:00.0,AA131,131,AA131,admin,2015-03-03 00:00:00.0,1
132,TRUE,admin,2015-03-03 00:00:00.0,AA132,132,AA132,admin,2015-03-03 00:00:00.0,1
133,TRUE,admin,2015-03-03 00:00:00.0,AA133,133,AA133,admin,2015-03-03 00:00:00.0,1
134,TRUE,admin,2015-03-03 00:00:00.0,AA134,134,AA134,admin,2015-03-03 00:00:00.0,1
135,TRUE,admin,2015-03-03 00:00:00.0,AA135,135,AA135,admin,2015-03-03 00:00:00.0,1
136,TRUE,admin,2015-03-03 00:00:00.0,AA136,136,AA136,admin,2015-03-03 00:00:00.0,1
137,TRUE,admin,2015-03-03 00:00:00.0,AA137,137,AA137,admin,2015-03-03 00:00:00.0,1
138,TRUE,admin,2015-03-03 00:00:00.0,AA138,138,AA138,admin,2015-03-03 00:00:00.0,1
139,TRUE,admin,2015-03-03 00:00:00.0,AA139,139,AA139,admin,2015-03-03 00:00:00.0,1
140,TRUE,admin,2015-03-03 00:00:00.0,AA140,140,AA140,admin,2015-03-03 00:00:00.0,1
141,TRUE,admin,2015-03-03 00:00:00.0,AA141,141,AA141,admin,2015-03-03 00:00:00.0,1
142,TRUE,admin,2015-03-03 00:00:00.0,AA142,142,AA142,admin,2015-03-03 00:00:00.0,1
143,TRUE,admin,2015-03-03 00:00:00.0,AA143,143,AA143,admin,2015-03-03 00:00:00.0,1
144,TRUE,admin,2015-03-03 00:00:00.0,AA144,144,AA144,admin,2015-03-03 00:00:00.0,1
145,TRUE,admin,2015-03-03 00:00:00.0,AA145,145,AA145,admin,2015-03-03 00:00:00.0,1
146,TRUE,admin,2015-03-03 00:00:00.0,AA146,146,AA146,admin,2015-03-03 00:00:00.0,1
147,TRUE,admin,2015-03-03 00:00:00.0,AA147,147,AA147,admin,2015-03-03 00:00:00.0,1
148,TRUE,admin,2015-03-03 00:00:00.0,AA148,148,AA148,admin,2015-03-03 00:00:00.0,1
149,TRUE,admin,2015-03-03 00:00:00.0,AA149,149,AA149,admin,2015-03-03 00:00:00.0,1
150,TRUE,admin,2015-03-03 00:00:00.0,AA150,150,AA150,admin,2015-03-03 00:00:00.0,1
151,TRUE,admin,2015-03-03 00:00:00.0,AA151,151,AA151,admin,2015-03-03 00:00:00.0,1
152,TRUE,admin,2015-03-03 00:00:00.0,AA152,152,AA152,admin,2015-03-03 00:00:00.0,1
153,TRUE,admin,2015-03-03 00:00:00.0,AA153,153,AA153,admin,2015-03-03 00:00:00.0,1
154,TRUE,admin,2015-03-03 00:00:00.0,AA154,154,AA154,admin,2015-03-03 00:00:00.0,1
155,TRUE,admin,2015-03-03 00:00:00.0,AA155,155,AA155,admin,2015-03-03 00:00:00.0,1
156,TRUE,admin,2015-03-03 00:00:00.0,AA156,156,AA156,admin,2015-03-03 00:00:00.0,1
157,TRUE,admin,2015-03-03 00:00:00.0,AA157,157,AA157,admin,2015-03-03 00:00:00.0,1
158,TRUE,admin,2015-03-03 00:00:00.0,AA158,158,AA158,admin,2015-03-03 00:00:00.0,1
159,TRUE,admin,2015-03-03 00:00:00.0,AA159,159,AA159,admin,2015-03-03 00:00:00.0,1
160,TRUE,admin,2015-03-03 00:00:00.0,AA160,160,AA160,admin,2015-03-03 00:00:00.0,1
161,TRUE,admin,2015-03-03 00:00:00.0,AA161,161,AA161,admin,2015-03-03 00:00:00.0,1
162,TRUE,admin,2015-03-03 00:00:00.0,AA162,162,AA162,admin,2015-03-03 00:00:00.0,1
163,TRUE,admin,2015-03-03 00:00:00.0,AA163,163,AA163,admin,2015-03-03 00:00:00.0,1
164,TRUE,admin,2015-03-03 00:00:00.0,AA164,164,AA164,admin,2015-03-03 00:00:00.0,1
165,TRUE,admin,2015-03-03 00:00:00.0,AA165,165,AA165,admin,2015-03-03 00:00:00.0,1
166,TRUE,admin,2015-03-03 00:00:00.0,AA166,166,AA166,admin,2015-03-03 00:00:00.0,1
167,TRUE,admin,2015-03-03 00:00:00.0,AA167,167,AA167,admin,2015-03-03 00:00:00.0,1
168,TRUE,admin,2015-03-03 00:00:00.0,AA168,168,AA168,admin,2015-03-03 00:00:00.0,1
169,TRUE,admin,2015-03-03 00:00:00.0,AA169,169,AA169,admin,2015-03-03 00:00:00.0,1
170,TRUE,admin,2015-03-03 00:00:00.0,AA170,170,AA170,admin,2015-03-03 00:00:00.0,1
171,TRUE,admin,2015-03-03 00:00:00.0,AA171,171,AA171,admin,2015-03-03 00:00:00.0,1
172,TRUE,admin,2015-03-03 00:00:00.0,AA172,172,AA172,admin,2015-03-03 00:00:00.0,1
173,TRUE,admin,2015-03-03 00:00:00.0,AA173,173,AA173,admin,2015-03-03 00:00:00.0,1
174,TRUE,admin,2015-03-03 00:00:00.0,AA174,174,AA174,admin,2015-03-03 00:00:00.0,1
175,TRUE,admin,2015-03-03 00:00:00.0,AA175,175,AA175,admin,2015-03-03 00:00:00.0,1
176,TRUE,admin,2015-03-03 00:00:00.0,AA176,176,AA176,admin,2015-03-03 00:00:00.0,1
177,TRUE,admin,2015-03-03 00:00:00.0,AA177,177,AA177,admin,2015-03-03 00:00:00.0,1
178,TRUE,admin,2015-03-03 00:00:00.0,AA178,178,AA178,admin,2015-03-03 00:00:00.0,1
179,TRUE,admin,2015-03-03 00:00:00.0,AA179,179,AA179,admin,2015-03-03 00:00:00.0,1
180,TRUE,admin,2015-03-03 00:00:00.0,AA180,180,AA180,admin,2015-03-03 00:00:00.0,1
181,TRUE,admin,2015-03-03 00:00:00.0,AA181,181,AA181,admin,2015-03-03 00:00:00.0,1
182,TRUE,admin,2015-03-03 00:00:00.0,AA182,182,AA182,admin,2015-03-03 00:00:00.0,1
183,TRUE,admin,2015-03-03 00:00:00.0,AA183,183,AA183,admin,2015-03-03 00:00:00.0,1
184,TRUE,admin,2015-03-03 00:00:00.0,AA184,184,AA184,admin,2015-03-03 00:00:00.0,1
185,TRUE,admin,2015-03-03 00:00:00.0,AA185,185,AA185,admin,2015-03-03 00:00:00.0,1
186,TRUE,admin,2015-03-03 00:00:00.0,AA186,186,AA186,admin,2015-03-03 00:00:00.0,1
187,TRUE,admin,2015-03-03 00:00:00.0,AA187,187,AA187,admin,2015-03-03 00:00:00.0,1
188,TRUE,admin,2015-03-03 00:00:00.0,AA188,188,AA188,admin,2015-03-03 00:00:00.0,1
189,TRUE,admin,2015-03-03 00:00:00.0,AA189,189,AA189,admin,2015-03-03 00:00:00.0,1
190,TRUE,admin,2015-03-03 00:00:00.0,AA190,190,AA190,admin,2015-03-03 00:00:00.0,1
191,TRUE,admin,2015-03-03 00:00:00.0,AA191,191,AA191,admin,2015-03-03 00:00:00.0,1
192,TRUE,admin,2015-03-03 00:00:00.0,AA192,192,AA192,admin,2015-03-03 00:00:00.0,1
193,TRUE,admin,2015-03-03 00:00:00.0,AA193,193,AA193,admin,2015-03-03 00:00:00.0,1
194,TRUE,admin,2015-03-03 00:00:00.0,AA194,194,AA194,admin,2015-03-03 00:00:00.0,1
195,TRUE,admin,2015-03-03 00:00:00.0,AA195,195,AA195,admin,2015-03-03 00:00:00.0,1
196,TRUE,admin,2015-03-03 00:00:00.0,AA196,196,AA196,admin,2015-03-03 00:00:00.0,1
197,TRUE,admin,2015-03-03 00:00:00.0,AA197,197,AA197,admin,2015-03-03 00:00:00.0,1
198,TRUE,admin,2015-03-03 00:00:00.0,AA198,198,AA198,admin,2015-03-03 00:00:00.0,1
199,TRUE,admin,2015-03-03 00:00:00.0,AA199,199,AA199,admin,2015-03-03 00:00:00.0,1
200,TRUE,admin,2015-03-03 00:00:00.0,AA200,200,AA200,admin,2015-03-03 00:00:00.0,1
201,TRUE,admin,2015-03-03 00:00:00.0,AA201,201,AA201,admin,2015-03-03 00:00:00.0,1
202,TRUE,admin,2015-03-03 00:00:00.0,AA202,202,AA202,admin,2015-03-03 00:00:00.0,1
203,TRUE,admin,2015-03-03 00:00:00.0,AA203,203,AA203,admin,2015-03-03 00:00:00.0,1
204,TRUE,admin,2015-03-03 00:00:00.0,AA204,204,AA204,admin,2015-03-03 00:00:00.0,1
205,TRUE,admin,2015-03-03 00:00:00.0,AA205,205,AA205,admin,2015-03-03 00:00:00.0,1
206,TRUE,admin,2015-03-03 00:00:00.0,AA206,206,AA206,admin,2015-03-03 00:00:00.0,1
207,TRUE,admin,2015-03-03 00:00:00.0,AA207,207,AA207,admin,2015-03-03 00:00:00.0,1
208,TRUE,admin,2015-03-03 00:00:00.0,AA208,208,AA208,admin,2015-03-03 00:00:00.0,1
209,TRUE,admin,2015-03-03 00:00:00.0,AA209,209,AA209,admin,2015-03-03 00:00:00.0,1
210,TRUE,admin,2015-03-03 00:00:00.0,AA210,210,AA210,admin,2015-03-03 00:00:00.0,1
211,TRUE,admin,2015-03-03 00:00:00.0,AA211,211,AA211,admin,2015-03-03 00:00:00.0,1
212,TRUE,admin,2015-03-03 00:00:00.0,AA212,212,AA212,admin,2015-03-03 00:00:00.0,1
213,TRUE,admin,2015-03-03 00:00:00.0,AA213,213,AA213,admin,2015-03-03 00:00:00.0,1
214,TRUE,admin,2015-03-03 00:00:00.0,AA214,214,AA214,admin,2015-03-03 00:00:00.0,1
215,TRUE,admin,2015-03-03 00:00:00.0,AA215,215,AA215,admin,2015-03-03 00:00:00.0,1
216,TRUE,admin,2015-03-03 00:00:00.0,AA216,216,AA216,admin,2015-03-03 00:00:00.0,1
217,TRUE,admin,2015-03-03 00:00:00.0,AA217,217,AA217,admin,2015-03-03 00:00:00.0,1
218,TRUE,admin,2015-03-03 00:00:00.0,AA218,218,AA218,admin,2015-03-03 00:00:00.0,1
219,TRUE,admin,2015-03-03 00:00:00.0,AA219,219,AA219,admin,2015-03-03 00:00:00.0,1
220,TRUE,admin,2015-03-03 00:00:00.0,AA220,220,AA220,admin,2015-03-03 00:00:00.0,1
221,TRUE,admin,2015-03-03 00:00:00.0,AA221,221,AA221,admin,2015-03-03 00:00:00.0,1
222,TRUE,admin,2015-03-03 00:00:00.0,AA222,222,AA222,admin,2015-03-03 00:00:00.0,1
223,TRUE,admin,2015-03-03 00:00:00.0,AA223,223,AA223,admin,2015-03-03 00:00:00.0,1
224,TRUE,admin,2015-03-03 00:00:00.0,AA224,224,AA224,admin,2015-03-03 00:00:00.0,1
225,TRUE,admin,2015-03-03 00:00:00.0,AA225,225,AA225,admin,2015-03-03 00:00:00.0,1
226,TRUE,admin,2015-03-03 00:00:00.0,AA226,226,AA226,admin,2015-03-03 00:00:00.0,1
227,TRUE,admin,2015-03-03 00:00:00.0,AA227,227,AA227,admin,2015-03-03 00:00:00.0,1
228,TRUE,admin,2015-03-03 00:00:00.0,AA228,228,AA228,admin,2015-03-03 00:00:00.0,1
229,TRUE,admin,2015-03-03 00:00:00.0,AA229,229,AA229,admin,2015-03-03 00:00:00.0,1
230,TRUE,admin,2015-03-03 00:00:00.0,AA230,230,AA230,admin,2015-03-03 00:00:00.0,1
231,TRUE,admin,2015-03-03 00:00:00.0,AA231,231,AA231,admin,2015-03-03 00:00:00.0,1
232,TRUE,admin,2015-03-03 00:00:00.0,AA232,232,AA232,admin,2015-03-03 00:00:00.0,1
233,TRUE,admin,2015-03-03 00:00:00.0,AA233,233,AA233,admin,2015-03-03 00:00:00.0,1
234,TRUE,admin,2015-03-03 00:00:00.0,AA234,234,AA234,admin,2015-03-03 00:00:00.0,1
235,TRUE,admin,2015-03-03 00:00:00.0,AA235,235,AA235,admin,2015-03-03 00:00:00.0,1
236,TRUE,admin,2015-03-03 00:00:00.0,AA236,236,AA236,admin,2015-03-03 00:00:00.0,1
237,TRUE,admin,2015-03-03 00:00:00.0,AA237,237,AA237,admin,2015-03-03 00:00:00.0,1
238,TRUE,admin,2015-03-03 00:00:00.0,AA238,238,AA238,admin,2015-03-03 00:00:00.0,1
239,TRUE,admin,2015-03-03 00:00:00.0,AA239,239,AA239,admin,2015-03-03 00:00:00.0,1
240,TRUE,admin,2015-03-03 00:00:00.0,AA240,240,AA240,admin,2015-03-03 00:00:00.0,1
241,TRUE,admin,2015-03-03 00:00:00.0,AA241,241,AA241,admin,2015-03-03 00:00:00.0,1
242,TRUE,admin,2015-03-03 00:00:00.0,AA242,242,AA242,admin,2015-03-03 00:00:00.0,1
243,TRUE,admin,2015-03-03 00:00:00.0,AA243,243,AA243,admin,2015-03-03 00:00:00.0,1
244,TRUE,admin,2015-03-03 00:00:00.0,AA244,244,AA244,admin,2015-03-03 00:00:00.0,1
245,TRUE,admin,2015-03-03 00:00:00.0,AA245,245,AA245,admin,2015-03-03 00:00:00.0,1
246,TRUE,admin,2015-03-03 00:00:00.0,AA246,246,AA246,admin,2015-03-03 00:00:00.0,1
247,TRUE,admin,2015-03-03 00:00:00.0,AA247,247,AA247,admin,2015-03-03 00:00:00.0,1
248,TRUE,admin,2015-03-03 00:00:00.0,AA248,248,AA248,admin,2015-03-03 00:00:00.0,1
249,TRUE,admin,2015-03-03 00:00:00.0,AA249,249,AA249,admin,2015-03-03 00:00:00.0,1
250,TRUE,admin,2015-03-03 00:00:00.0,AA250,250,AA250,admin,2015-03-03 00:00:00.0,1
251,TRUE,admin,2015-03-03 00:00:00.0,AA251,251,AA251,admin,2015-03-03 00:00:00.0,1
252,TRUE,admin,2015-03-03 00:00:00.0,AA252,252,AA252,admin,2015-03-03 00:00:00.0,1
253,TRUE,admin,2015-03-03 00:00:00.0,AA253,253,AA253,admin,2015-03-03 00:00:00.0,1
254,TRUE,admin,2015-03-03 00:00:00.0,AA254,254,AA254,admin,2015-03-03 00:00:00.0,1
255,TRUE,admin,2015-03-03 00:00:00.0,AA255,255,AA255,admin,2015-03-03 00:00:00.0,1
256,TRUE,admin,2015-03-03 00:00:00.0,AA256,256,AA256,admin,2015-03-03 00:00:00.0,1
257,TRUE,admin,2015-03-03 00:00:00.0,AA257,257,AA257,admin,2015-03-03 00:00:00.0,1
258,TRUE,admin,2015-03-03 00:00:00.0,AA258,258,AA258,admin,2015-03-03 00:00:00.0,1
259,TRUE,admin,2015-03-03 00:00:00.0,AA259,259,AA259,admin,2015-03-03 00:00:00.0,1
260,TRUE,admin,2015-03-03 00:00:00.0,AA260,260,AA260,admin,2015-03-03 00:00:00.0,1
261,TRUE,admin,2015-03-03 00:00:00.0,AA261,261,AA261,admin,2015-03-03 00:00:00.0,1
262,TRUE,admin,2015-03-03 00:00:00.0,AA262,262,AA262,admin,2015-03-03 00:00:00.0,1
263,TRUE,admin,2015-03-03 00:00:00.0,AA263,263,AA263,admin,2015-03-03 00:00:00.0,1
264,TRUE,admin,2015-03-03 00:00:00.0,AA264,264,AA264,admin,2015-03-03 00:00:00.0,1
265,TRUE,admin,2015-03-03 00:00:00.0,AA265,265,AA265,admin,2015-03-03 00:00:00.0,1
266,TRUE,admin,2015-03-03 00:00:00.0,AA266,266,AA266,admin,2015-03-03 00:00:00.0,1
267,TRUE,admin,2015-03-03 00:00:00.0,AA267,267,AA267,admin,2015-03-03 00:00:00.0,1
268,TRUE,admin,2015-03-03 00:00:00.0,AA268,268,AA268,admin,2015-03-03 00:00:00.0,1
269,TRUE,admin,2015-03-03 00:00:00.0,AA269,269,AA269,admin,2015-03-03 00:00:00.0,1
270,TRUE,admin,2015-03-03 00:00:00.0,AA270,270,AA270,admin,2015-03-03 00:00:00.0,1
271,TRUE,admin,2015-03-03 00:00:00.0,AA271,271,AA271,admin,2015-03-03 00:00:00.0,1
272,TRUE,admin,2015-03-03 00:00:00.0,AA272,272,AA272,admin,2015-03-03 00:00:00.0,1
273,TRUE,admin,2015-03-03 00:00:00.0,AA273,273,AA273,admin,2015-03-03 00:00:00.0,1
274,TRUE,admin,2015-03-03 00:00:00.0,AA274,274,AA274,admin,2015-03-03 00:00:00.0,1
275,TRUE,admin,2015-03-03 00:00:00.0,AA275,275,AA275,admin,2015-03-03 00:00:00.0,1
276,TRUE,admin,2015-03-03 00:00:00.0,AA276,276,AA276,admin,2015-03-03 00:00:00.0,1
277,TRUE,admin,2015-03-03 00:00:00.0,AA277,277,AA277,admin,2015-03-03 00:00:00.0,1
278,TRUE,admin,2015-03-03 00:00:00.0,AA278,278,AA278,admin,2015-03-03 00:00:00.0,1
279,TRUE,admin,2015-03-03 00:00:00.0,AA279,279,AA279,admin,2015-03-03 00:00:00.0,1
280,TRUE,admin,2015-03-03 00:00:00.0,AA280,280,AA280,admin,2015-03-03 00:00:00.0,1
